Date,Confirmatory Lab Percent Positive (Daily),Confirmatory Lab Total Positive (Daily),Confirmatory Lab Total Tested (Daily),Confirmatory Lab 7 Day Percent Positive,Presumptive Lab Percent Positive (Daily),Presumptive Lab Total Positive (Daily),Presumptive Lab Total Tested (Daily),Presumptive Lab 7 Day Percent Positive,Confirmatory and Presumptive Lab Total Positive (Daily),Confirmatory and Presumptive Lab Total Tested (Daily),Confirmatory and Presumptive Lab Percent Positive (Daily),Confirmatory and Presumptive Lab 7 Day Percent Positive
3/29/2022,0.022,364,16359,0.023,0.019,106,5724,0.015,470,22083,0.021,0.02
3/28/2022,0.023,281,12141,0.023,0.012,110,9026,0.015,391,21167,0.018,0.02
3/27/2022,0.025,186,7361,0.023,0.023,62,2699,0.015,248,10060,0.025,0.02
3/26/2022,0.023,248,11011,0.022,0.022,79,3512,0.015,327,14523,0.023,0.02
3/25/2022,0.021,350,16520,0.023,0.012,93,7843,0.014,443,24363,0.018,0.02
3/24/2022,0.022,345,15374,0.023,0.012,116,9756,0.014,461,25130,0.018,0.02
3/23/2022,0.024,410,17356,0.023,0.016,112,6867,0.014,522,24223,0.022,0.02
3/22/2022,0.022,400,18590,0.023,0.016,118,7610,0.014,518,26200,0.02,0.02
3/21/2022,0.023,349,15053,0.024,0.012,141,11285,0.014,490,26338,0.019,0.02
3/20/2022,0.021,164,7783,0.024,0.027,85,3128,0.014,249,10911,0.023,0.021
3/19/2022,0.025,251,10099,0.025,0.017,64,3843,0.014,315,13942,0.023,0.021
3/18/2022,0.023,380,16503,0.025,0.012,112,9146,0.014,492,25649,0.019,0.021
3/17/2022,0.024,379,15785,0.025,0.009,96,10964,0.014,475,26749,0.018,0.021
3/16/2022,0.023,412,17570,0.025,0.018,128,7269,0.015,540,24839,0.022,0.021
3/15/2022,0.025,458,18154,0.026,0.014,128,9237,0.015,586,27391,0.021,0.022
3/14/2022,0.028,380,13633,0.026,0.013,181,13805,0.016,561,27438,0.02,0.023
3/13/2022,0.028,210,7471,0.027,0.02,73,3650,0.017,283,11121,0.025,0.023
3/12/2022,0.024,266,11082,0.028,0.022,88,4042,0.017,354,15124,0.023,0.024
3/11/2022,0.023,392,17056,0.028,0.014,141,9729,0.018,533,26785,0.02,0.024
3/10/2022,0.026,416,15897,0.03,0.012,166,13475,0.018,582,29372,0.02,0.025
3/9/2022,0.028,508,18240,0.031,0.022,167,7506,0.018,675,25746,0.026,0.026
3/8/2022,0.027,576,21058,0.032,0.019,186,9900,0.019,762,30958,0.025,0.027
3/7/2022,0.033,481,14487,0.032,0.016,239,14788,0.02,720,29275,0.025,0.028
3/6/2022,0.04,327,8112,0.034,0.029,123,4238,0.021,450,12350,0.036,0.029
3/5/2022,0.028,392,14083,0.035,0.024,101,4209,0.022,493,18292,0.027,0.03
3/4/2022,0.03,576,18937,0.036,0.016,169,10347,0.022,745,29284,0.025,0.031
3/3/2022,0.035,670,18900,0.037,0.015,222,15234,0.023,892,34134,0.026,0.032
3/2/2022,0.031,715,22966,0.039,0.027,227,8511,0.024,942,31477,0.03,0.034
3/1/2022,0.033,743,22782,0.041,0.027,278,10176,0.026,1021,32958,0.031,0.035
2/28/2022,0.044,659,15144,0.044,0.019,333,17313,0.027,992,32457,0.031,0.038
2/27/2022,0.055,495,9002,0.045,0.042,181,4312,0.029,676,13314,0.051,0.039
2/26/2022,0.04,605,15267,0.047,0.038,168,4391,0.029,773,19658,0.039,0.04
2/25/2022,0.037,851,23216,0.048,0.023,235,10320,0.03,1086,33536,0.032,0.042
2/24/2022,0.047,947,20270,0.051,0.018,320,17479,0.032,1267,37749,0.034,0.044
2/23/2022,0.042,1043,25120,0.053,0.039,355,9073,0.034,1398,34193,0.041,0.046
2/22/2022,0.05,1220,24600,0.057,0.034,422,12364,0.036,1642,36964,0.044,0.049
2/21/2022,0.056,962,17312,0.059,0.028,515,18541,0.038,1477,35853,0.041,0.051
2/20/2022,0.074,702,9431,0.062,0.052,236,4500,0.039,938,13931,0.067,0.053
2/19/2022,0.052,869,16694,0.064,0.049,285,5833,0.041,1154,22527,0.051,0.055
2/18/2022,0.051,1247,24233,0.067,0.033,446,13380,0.042,1693,37613,0.045,0.058
2/17/2022,0.063,1523,24040,0.071,0.027,528,19385,0.045,2051,43425,0.047,0.062
2/16/2022,0.061,1698,28001,0.077,0.054,631,11657,0.049,2329,39658,0.059,0.066
2/15/2022,0.06,1745,28971,0.081,0.045,692,15262,0.052,2437,44233,0.055,0.07
2/14/2022,0.084,1449,17159,0.089,0.036,806,22536,0.057,2255,39695,0.057,0.077
2/13/2022,0.093,996,10709,0.095,0.082,384,4704,0.064,1380,15413,0.09,0.084
2/12/2022,0.08,1414,17686,0.1,0.079,426,5383,0.068,1840,23069,0.08,0.088
2/11/2022,0.08,2049,25654,0.106,0.054,757,14066,0.072,2806,39720,0.071,0.093
2/10/2022,0.096,2381,24798,0.111,0.043,947,22123,0.073,3328,46921,0.071,0.096
2/9/2022,0.084,2779,33096,0.116,0.085,993,11665,0.074,3772,44761,0.084,0.099
2/8/2022,0.101,3652,36193,0.126,0.075,1166,15478,0.079,4818,51671,0.093,0.108
2/7/2022,0.132,3026,22919,0.137,0.064,1678,26419,0.085,4704,49338,0.095,0.117
2/6/2022,0.165,1952,11829,0.145,0.15,966,6431,0.092,2918,18260,0.16,0.124
2/5/2022,0.136,2077,15225,0.15,0.129,846,6580,0.095,2923,21805,0.134,0.129
2/4/2022,0.12,1688,14076,0.156,0.065,685,10552,0.097,2373,24628,0.096,0.133
2/3/2022,0.127,2520,19815,0.162,0.035,612,17376,0.09,3132,37191,0.084,0.133
2/2/2022,0.132,5051,38249,0.173,0.124,1647,13286,0.096,6698,51535,0.13,0.142
2/1/2022,0.146,5689,39017,0.186,0.105,2052,19520,0.104,7741,58537,0.132,0.153
1/31/2022,0.189,4774,25307,0.201,0.092,2873,31373,0.111,7647,56680,0.135,0.165
1/30/2022,0.209,3464,16582,0.21,0.182,1449,7978,0.121,4913,24560,0.2,0.174
1/29/2022,0.188,4119,21870,0.215,0.131,1315,10032,0.127,5434,31902,0.17,0.18
1/28/2022,0.173,6708,38880,0.221,0.062,2093,33634,0.134,8801,72514,0.121,0.187
1/27/2022,0.202,8573,42464,0.235,0.087,2914,33350,0.155,11487,75814,0.152,0.205
1/26/2022,0.206,9650,46773,0.245,0.184,3269,17752,0.165,12919,64525,0.2,0.216
1/25/2022,0.229,9938,43386,0.258,0.155,3700,23897,0.176,13638,67283,0.203,0.228
1/24/2022,0.263,8216,31203,0.268,0.135,5135,38062,0.185,13351,69265,0.193,0.238
1/23/2022,0.272,5651,20760,0.273,0.265,2932,11054,0.19,8583,31814,0.27,0.243
1/22/2022,0.24,9424,39342,0.277,0.232,2503,10786,0.192,11927,50128,0.238,0.247
1/21/2022,0.257,12857,50089,0.282,0.171,4230,24738,0.196,17087,74827,0.228,0.251
1/20/2022,0.263,15320,58173,0.286,0.142,5441,38441,0.2,20761,96614,0.215,0.256
1/19/2022,0.279,16874,60391,0.293,0.248,6357,25598,0.206,23231,85989,0.27,0.263
1/18/2022,0.296,15497,52297,0.299,0.211,6847,32405,0.21,22344,84702,0.264,0.268
1/17/2022,0.301,10862,36134,0.301,0.158,5643,35789,0.215,16505,71923,0.229,0.272
1/16/2022,0.317,9195,29001,0.305,0.293,3559,12131,0.218,12754,41132,0.31,0.275
1/15/2022,0.283,13040,46076,0.308,0.277,3450,12433,0.215,16490,58509,0.282,0.275
1/14/2022,0.282,18892,67017,0.314,0.2,5813,29032,0.211,24705,96049,0.257,0.277
1/13/2022,0.307,19523,63642,0.322,0.175,7412,42431,0.212,26935,106073,0.254,0.282
1/12/2022,0.311,21176,68078,0.329,0.269,8168,30403,0.211,29344,98481,0.298,0.287
1/11/2022,0.307,22776,74273,0.318,0.24,8249,34309,0.207,31025,108582,0.286,0.279
1/10/2022,0.334,17131,51326,0.314,0.188,9578,50945,0.194,26709,102271,0.261,0.271
1/9/2022,0.351,12124,34556,0.305,0.222,5096,22943,0.186,17220,57499,0.299,0.262
1/8/2022,0.335,16120,48117,0.299,0.216,4172,19339,0.186,20292,67456,0.301,0.258
1/7/2022,0.332,22602,68144,0.294,0.205,6578,32048,0.184,29180,100192,0.291,0.254
1/6/2022,0.347,24502,70633,0.291,0.168,6901,40989,0.182,31403,111622,0.281,0.251
1/5/2022,0.266,24652,92509,0.288,0.23,8681,37681,0.179,33333,130190,0.256,0.248
1/4/2022,0.287,24986,87122,0.299,0.166,8815,53019,0.178,33801,140141,0.241,0.253
1/3/2022,0.266,17932,67502,0.305,0.157,9808,62393,0.186,27740,129895,0.214,0.26
1/2/2022,0.274,10870,39608,0.315,0.213,4480,20987,0.19,15350,60595,0.253,0.268
1/1/2022,0.279,11538,41427,0.321,0.193,2957,15345,0.192,14495,56772,0.255,0.271
12/31/2021,0.318,16374,51538,0.324,0.198,5251,26562,0.191,21625,78100,0.277,0.272
12/30/2021,0.331,22949,69319,0.316,0.151,7194,47499,0.187,30143,116818,0.258,0.266
12/29/2021,0.33,22303,67512,0.302,0.228,8016,35133,0.18,30319,102645,0.295,0.254
12/28/2021,0.316,19746,62485,0.281,0.216,7528,34922,0.168,27274,97407,0.28,0.237
12/27/2021,0.334,14089,42202,0.266,0.164,7806,47629,0.156,21895,89831,0.244,0.222
12/26/2021,0.344,6845,19913,0.254,0.254,3848,15139,0.143,10693,35052,0.305,0.211
12/25/2021,0.281,6789,24153,0.247,0.16,1119,7003,0.135,7908,31156,0.254,0.205
12/24/2021,0.261,11460,43872,0.241,0.16,3137,19614,0.135,14597,63486,0.23,0.201
12/23/2021,0.25,13432,53703,0.234,0.114,4732,41518,0.129,18164,95221,0.191,0.193
12/22/2021,0.228,13439,58942,0.224,0.157,4324,27536,0.124,17763,86478,0.205,0.185
12/21/2021,0.234,11674,49784,0.214,0.145,4425,30457,0.12,16099,80241,0.201,0.178
12/20/2021,0.25,9642,38605,0.204,0.108,4383,40526,0.115,14025,79131,0.177,0.169
12/19/2021,0.251,6582,26252,0.196,0.165,2124,12894,0.111,8706,39146,0.222,0.163
12/18/2021,0.217,7645,35310,0.19,0.149,2075,13966,0.109,9720,49276,0.197,0.159
12/17/2021,0.209,9052,43295,0.185,0.106,2800,26491,0.107,11852,69786,0.17,0.154
12/16/2021,0.188,8638,45950,0.176,0.09,3256,36017,0.104,11894,81967,0.145,0.147
12/15/2021,0.173,8544,49303,0.172,0.13,3046,23394,0.102,11590,72697,0.159,0.144
12/14/2021,0.172,7925,46134,0.166,0.114,3081,26916,0.1,11006,73050,0.151,0.14
12/13/2021,0.192,5911,30833,0.162,0.087,3205,36985,0.098,9116,67818,0.134,0.137
12/12/2021,0.193,4323,22411,0.161,0.137,1513,11024,0.098,5836,33435,0.175,0.136
12/11/2021,0.168,4998,29698,0.16,0.126,1725,13744,0.099,6723,43442,0.155,0.136
12/10/2021,0.153,6401,41948,0.16,0.086,2149,24897,0.1,8550,66845,0.128,0.137
12/9/2021,0.165,6482,39279,0.158,0.08,2603,32666,0.101,9085,71945,0.126,0.136
12/8/2021,0.143,6817,47799,0.157,0.119,2758,23264,0.102,9575,71063,0.135,0.136
12/7/2021,0.149,6688,44893,0.157,0.098,2133,21851,0.103,8821,66744,0.132,0.136
12/6/2021,0.183,5686,31045,0.156,0.087,3269,37629,0.106,8955,68674,0.13,0.137
12/5/2021,0.181,3998,22105,0.155,0.154,1735,11271,0.108,5733,33376,0.172,0.137
12/4/2021,0.168,4921,29212,0.156,0.14,1535,10993,0.107,6456,40205,0.161,0.137
12/3/2021,0.143,6576,46081,0.155,0.095,2520,26468,0.108,9096,72549,0.125,0.136
12/2/2021,0.155,6836,44059,0.158,0.087,2948,33811,0.107,9784,77870,0.126,0.137
12/1/2021,0.144,7152,49695,0.159,0.119,3023,25388,0.109,10175,75083,0.136,0.139
11/30/2021,0.147,7077,48154,0.155,0.124,3282,26526,0.102,10359,74680,0.139,0.133
11/29/2021,0.167,5614,33637,0.151,0.095,3645,38323,0.097,9259,71960,0.129,0.129
11/28/2021,0.205,3629,17734,0.149,0.136,1662,12181,0.092,5291,29915,0.177,0.126
11/27/2021,0.159,4011,25266,0.145,0.149,1495,10018,0.091,5506,35284,0.156,0.123
11/26/2021,0.169,3679,21764,0.144,0.09,1963,21875,0.09,5642,43639,0.129,0.121
11/25/2021,0.165,2776,16852,0.139,0.061,509,8295,0.089,3285,25147,0.131,0.119
11/24/2021,0.122,5324,43736,0.136,0.08,2150,26802,0.087,7474,70538,0.106,0.116
11/23/2021,0.126,5377,42516,0.135,0.096,2339,24313,0.09,7716,66829,0.115,0.117
11/22/2021,0.161,4176,25963,0.134,0.077,2732,35629,0.089,6908,61592,0.112,0.116
11/21/2021,0.154,3176,20586,0.133,0.127,1334,10474,0.09,4510,31060,0.145,0.115
11/20/2021,0.149,3737,25157,0.132,0.129,1300,10050,0.09,5037,35207,0.143,0.115
11/19/2021,0.129,4594,35555,0.13,0.085,2010,23652,0.089,6604,59207,0.112,0.113
11/18/2021,0.133,4913,36941,0.129,0.072,2280,31753,0.083,7193,68694,0.105,0.11
11/17/2021,0.116,5171,44509,0.127,0.1,2219,22098,0.083,7390,66607,0.111,0.109
11/16/2021,0.123,4862,39615,0.125,0.091,2219,24292,0.082,7081,63907,0.111,0.107
11/15/2021,0.154,3658,23822,0.122,0.08,2802,34914,0.082,6460,58736,0.11,0.105
11/14/2021,0.149,2745,18410,0.12,0.129,1306,10135,0.081,4051,28545,0.142,0.103
11/13/2021,0.125,3234,25830,0.119,0.11,1017,9269,0.079,4251,35099,0.121,0.102
11/12/2021,0.126,4158,32960,0.117,0.057,1826,31919,0.079,5984,64879,0.092,0.101
11/11/2021,0.12,3945,32882,0.113,0.069,1942,28072,0.083,5887,60954,0.097,0.1
11/10/2021,0.104,4034,38866,0.11,0.093,2089,22350,0.081,6123,61216,0.1,0.098
11/9/2021,0.106,3905,37010,0.107,0.091,2209,24294,0.08,6114,61304,0.1,0.096
11/8/2021,0.137,3203,23400,0.105,0.074,2446,33146,0.078,5649,56546,0.1,0.094
11/7/2021,0.134,2312,17222,0.103,0.109,1104,10113,0.076,3416,27335,0.125,0.092
11/6/2021,0.111,2830,25446,0.102,0.111,1018,9192,0.075,3848,34638,0.111,0.091
11/5/2021,0.097,3045,31476,0.101,0.072,1446,20223,0.074,4491,51699,0.087,0.09
11/4/2021,0.104,3397,32748,0.1,0.06,1689,28298,0.072,5086,61046,0.083,0.089
11/3/2021,0.087,3361,38668,0.099,0.089,1704,19099,0.071,5065,57767,0.088,0.087
11/2/2021,0.095,3447,36131,0.097,0.076,1647,21718,0.069,5094,57849,0.088,0.086
11/1/2021,0.121,2584,21282,0.095,0.066,2029,30812,0.068,4613,52094,0.089,0.084
10/31/2021,0.12,1778,14871,0.093,0.106,791,7478,0.066,2569,22349,0.115,0.082
10/30/2021,0.102,2302,22626,0.093,0.091,747,8180,0.065,3049,30806,0.099,0.082
10/29/2021,0.094,2905,31004,0.093,0.061,1180,19478,0.065,4085,50482,0.081,0.082
10/28/2021,0.094,2841,30338,0.091,0.05,1369,27221,0.065,4210,57559,0.073,0.08
10/27/2021,0.08,2976,37202,0.09,0.081,1499,18425,0.065,4475,55627,0.08,0.08
10/26/2021,0.084,3090,36786,0.09,0.065,1360,20862,0.064,4450,57648,0.077,0.08
10/25/2021,0.103,2584,25090,0.091,0.057,1830,32057,0.064,4414,57147,0.077,0.08
10/24/2021,0.112,1707,15178,0.092,0.101,712,7035,0.064,2419,22213,0.109,0.081
10/23/2021,0.103,2229,21647,0.092,0.097,738,7595,0.063,2967,29242,0.101,0.081
10/22/2021,0.08,2777,34840,0.093,0.058,1115,19153,0.063,3892,53993,0.072,0.082
10/21/2021,0.089,3190,35991,0.095,0.049,1355,27728,0.063,4545,63719,0.071,0.082
10/20/2021,0.083,3202,38573,0.097,0.072,1337,18461,0.062,4539,57034,0.08,0.083
10/19/2021,0.087,3289,37706,0.098,0.068,1477,21599,0.064,4766,59305,0.08,0.085
10/18/2021,0.109,2984,27439,0.102,0.055,1843,33309,0.066,4827,60748,0.079,0.087
10/17/2021,0.11,1939,17574,0.104,0.092,757,8200,0.067,2696,25774,0.105,0.089
10/16/2021,0.114,2741,24005,0.106,0.097,762,7890,0.068,3503,31895,0.11,0.091
10/15/2021,0.091,3244,35761,0.109,0.056,1288,22937,0.069,4532,58698,0.077,0.093
10/14/2021,0.099,3809,38542,0.11,0.048,1558,32372,0.069,5367,70914,0.076,0.094
10/13/2021,0.095,4356,46073,0.113,0.081,1751,21503,0.071,6107,67576,0.09,0.096
10/12/2021,0.106,4167,39294,0.116,0.078,1912,24466,0.073,6079,63760,0.095,0.099
10/11/2021,0.132,3553,26978,0.118,0.062,2279,36922,0.073,5832,63900,0.091,0.1
10/10/2021,0.133,2520,18946,0.119,0.118,1012,8556,0.075,3532,27502,0.128,0.102
10/9/2021,0.134,3565,26569,0.119,0.1,910,9094,0.075,4475,35663,0.125,0.102
10/8/2021,0.104,4382,42296,0.119,0.061,1480,24337,0.075,5862,66633,0.088,0.102
10/7/2021,0.113,4764,42236,0.12,0.059,1978,33720,0.076,6742,75956,0.089,0.103
10/6/2021,0.111,5003,45017,0.122,0.091,1933,21264,0.076,6936,66281,0.105,0.104
10/5/2021,0.118,5158,43786,0.123,0.079,2090,26428,0.076,7248,70214,0.103,0.105
10/4/2021,0.141,4249,30208,0.124,0.07,2605,37412,0.077,6854,67620,0.101,0.106
10/3/2021,0.129,2898,22499,0.125,0.121,1154,9539,0.075,4052,32038,0.126,0.105
10/2/2021,0.131,3728,28471,0.126,0.102,946,9271,0.075,4674,37742,0.124,0.106
10/1/2021,0.113,4564,40232,0.126,0.065,1684,25902,0.075,6248,66134,0.094,0.106
9/30/2021,0.124,5534,44619,0.127,0.059,2024,34234,0.076,7558,78853,0.096,0.107
9/29/2021,0.118,5704,48420,0.126,0.09,2005,22161,0.075,7709,70581,0.109,0.106
9/28/2021,0.121,5604,46434,0.126,0.085,2256,26625,0.075,7860,73059,0.108,0.107
9/27/2021,0.149,4625,30963,0.128,0.065,2622,40594,0.073,7247,71557,0.101,0.107
9/26/2021,0.147,3334,22737,0.129,0.117,1122,9610,0.073,4456,32347,0.138,0.109
9/25/2021,0.129,4421,34402,0.131,0.102,1084,10631,0.074,5505,45033,0.122,0.11
9/24/2021,0.118,5250,44326,0.134,0.066,1705,25882,0.075,6955,70208,0.099,0.112
9/23/2021,0.117,5729,48817,0.135,0.057,1972,34844,0.076,7701,83661,0.092,0.113
9/22/2021,0.12,6876,57138,0.137,0.086,2047,23691,0.077,8923,80829,0.11,0.115
9/21/2021,0.131,6797,52054,0.141,0.076,2160,28478,0.078,8957,80532,0.111,0.118
9/20/2021,0.159,5948,37316,0.142,0.066,2657,40386,0.08,8605,77702,0.111,0.119
9/19/2021,0.16,4376,27392,0.14,0.12,1305,10905,0.081,5681,38297,0.148,0.119
9/18/2021,0.153,5356,34932,0.139,0.123,1202,9798,0.08,6558,44730,0.147,0.118
9/17/2021,0.127,6687,52707,0.137,0.072,1977,27355,0.08,8664,80062,0.108,0.116
9/16/2021,0.136,7037,51866,0.137,0.062,2343,37556,0.08,9380,89422,0.105,0.116
9/15/2021,0.139,7191,51810,0.137,0.094,2308,24537,0.081,9499,76347,0.124,0.117
9/14/2021,0.137,7656,55725,0.136,0.087,2531,29177,0.082,10187,84902,0.12,0.117
9/13/2021,0.147,5751,39211,0.137,0.07,2895,41154,0.079,8646,80365,0.108,0.115
9/12/2021,0.14,4347,31067,0.139,0.114,1259,11062,0.08,5606,42129,0.133,0.117
9/11/2021,0.135,5402,40098,0.139,0.122,1201,9840,0.081,6603,49938,0.132,0.117
9/10/2021,0.127,7285,57223,0.137,0.069,2062,29723,0.08,9347,86946,0.108,0.116
9/9/2021,0.135,7467,55186,0.138,0.068,2523,37192,0.081,9990,92378,0.108,0.117
9/8/2021,0.138,7164,51999,0.138,0.103,2651,25775,0.08,9815,77774,0.126,0.116
9/7/2021,0.147,5149,34957,0.137,0.072,2919,40414,0.078,8068,75371,0.107,0.115
9/6/2021,0.172,4075,23751,0.134,0.067,1158,17158,0.08,5233,40909,0.128,0.116
9/5/2021,0.137,4213,30680,0.13,0.125,1054,8443,0.078,5267,39123,0.135,0.111
9/4/2021,0.124,4658,37586,0.129,0.119,1141,9596,0.077,5799,47182,0.123,0.111
9/3/2021,0.13,5955,45875,0.129,0.073,1847,25131,0.076,7802,71006,0.11,0.11
9/2/2021,0.133,6099,45794,0.126,0.062,2104,34035,0.076,8203,79829,0.103,0.108
9/1/2021,0.134,6434,47869,0.124,0.089,1942,21769,0.076,8376,69638,0.12,0.107
8/31/2021,0.127,6245,49172,0.121,0.085,2043,24145,0.075,8288,73317,0.113,0.105
8/30/2021,0.122,4561,37286,0.114,0.062,2228,36011,0.074,6789,73297,0.093,0.101
8/29/2021,0.133,3324,24994,0.114,0.115,925,8068,0.073,4249,33062,0.129,0.101
8/28/2021,0.118,3881,32933,0.113,0.102,844,8299,0.073,4725,41232,0.115,0.1
8/27/2021,0.113,4820,42482,0.11,0.073,1495,20501,0.072,6315,62983,0.1,0.098
8/26/2021,0.12,5107,42606,0.106,0.058,1544,26487,0.07,6651,69093,0.096,0.095
8/25/2021,0.114,4855,42490,0.101,0.087,1487,17118,0.069,6342,59608,0.106,0.091
8/24/2021,0.092,4506,49046,0.096,0.077,1411,18230,0.066,5917,67276,0.088,0.087
8/23/2021,0.119,3415,28711,0.096,0.055,1448,26186,0.065,4863,54897,0.089,0.086
8/22/2021,0.129,2786,21611,0.094,0.114,692,6096,0.064,3478,27707,0.126,0.084
8/21/2021,0.095,2899,30387,0.091,0.095,567,5947,0.063,3466,36334,0.095,0.082
8/20/2021,0.088,3415,38631,0.091,0.06,1025,17117,0.063,4440,55748,0.08,0.082
8/19/2021,0.088,3268,37291,0.089,0.051,1117,22059,0.063,4385,59350,0.074,0.081
8/18/2021,0.084,3291,39354,0.09,0.073,1033,14243,0.061,4324,53597,0.081,0.081
8/17/2021,0.092,3415,37094,0.09,0.066,1087,16366,0.061,4502,53460,0.084,0.081
8/16/2021,0.096,2509,26269,0.089,0.053,1236,23529,0.06,3745,49798,0.075,0.079
8/15/2021,0.107,1779,16696,0.088,0.107,523,4887,0.058,2302,21583,0.107,0.079
8/14/2021,0.091,2112,23109,0.089,0.105,489,4670,0.058,2601,27779,0.094,0.078
8/13/2021,0.079,2514,31855,0.086,0.055,804,14500,0.056,3318,46355,0.072,0.076
8/12/2021,0.091,2665,29446,0.085,0.042,791,18993,0.055,3456,48439,0.071,0.075
8/11/2021,0.085,2624,30849,0.084,0.072,875,12212,0.055,3499,43061,0.081,0.075
8/10/2021,0.085,2647,31077,0.082,0.059,777,13208,0.054,3424,44285,0.077,0.073
8/9/2021,0.092,1986,21549,0.08,0.045,913,20209,0.053,2899,41758,0.069,0.071
8/8/2021,0.113,1529,13542,0.079,0.099,444,4505,0.052,1973,18047,0.109,0.07
8/7/2021,0.07,1546,22081,0.076,0.072,339,4680,0.051,1885,26761,0.07,0.067
8/6/2021,0.071,1831,25685,0.075,0.05,628,12599,0.05,2459,38284,0.064,0.067
8/5/2021,0.085,2028,23733,0.073,0.04,661,16523,0.05,2689,40256,0.067,0.065
8/4/2021,0.072,1740,24035,0.069,0.066,637,9644,0.049,2377,33679,0.071,0.062
8/3/2021,0.069,1588,22852,0.065,0.052,685,13108,0.048,2273,35960,0.063,0.059
8/2/2021,0.092,1420,15435,0.062,0.04,677,16755,0.047,2097,32190,0.065,0.057
8/1/2021,0.075,963,12893,0.059,0.076,234,3089,0.046,1197,15982,0.075,0.055
7/31/2021,0.064,1053,16448,0.057,0.076,250,3272,0.046,1303,19720,0.066,0.053
7/30/2021,0.056,1163,20931,0.055,0.049,492,9980,0.044,1655,30911,0.054,0.051
7/29/2021,0.058,1146,19744,0.053,0.033,433,13008,0.042,1579,32752,0.048,0.049
7/28/2021,0.053,1037,19639,0.05,0.053,453,8617,0.04,1490,28256,0.053,0.047
7/27/2021,0.051,984,19182,0.047,0.047,428,9045,0.039,1412,28227,0.05,0.044
7/26/2021,0.067,897,13356,0.044,0.035,471,13330,0.036,1368,26686,0.051,0.042
7/25/2021,0.05,537,10717,0.042,0.077,192,2483,0.034,729,13200,0.055,0.039
7/24/2021,0.049,620,12636,0.04,0.06,157,2609,0.033,777,15245,0.051,0.038
7/23/2021,0.041,704,17037,0.038,0.035,298,8525,0.032,1002,25562,0.039,0.036
7/22/2021,0.042,656,15607,0.036,0.024,275,11687,0.03,931,27294,0.034,0.034
7/21/2021,0.036,667,18651,0.033,0.042,288,6793,0.029,955,25444,0.038,0.032
7/20/2021,0.035,614,17752,0.031,0.034,279,8328,0.028,893,26080,0.034,0.03
7/19/2021,0.045,518,11397,0.029,0.026,318,12154,0.025,836,23551,0.035,0.028
7/18/2021,0.035,333,9639,0.027,0.051,100,1962,0.023,433,11601,0.037,0.026
7/17/2021,0.036,396,10964,0.026,0.043,89,2084,0.021,485,13048,0.037,0.024
7/16/2021,0.027,432,16047,0.024,0.023,177,7725,0.021,609,23772,0.026,0.023
7/15/2021,0.024,393,16293,0.022,0.019,181,9563,0.02,574,25856,0.022,0.021
7/14/2021,0.023,405,17533,0.021,0.03,192,6484,0.018,597,24017,0.025,0.02
7/13/2021,0.025,389,15630,0.019,0.02,149,7453,0.016,538,23083,0.023,0.018
7/12/2021,0.025,278,11306,0.018,0.013,132,9886,0.015,410,21192,0.019,0.017
7/11/2021,0.022,193,8803,0.017,0.023,45,1995,0.015,238,10798,0.022,0.017
7/10/2021,0.018,236,12931,0.017,0.03,68,2248,0.015,304,15179,0.02,0.016
7/9/2021,0.016,245,15599,0.017,0.016,122,7443,0.014,367,23042,0.016,0.016
7/8/2021,0.016,260,15872,0.016,0.012,115,9857,0.013,375,25729,0.015,0.015
7/7/2021,0.016,279,17065,0.016,0.018,88,4955,0.012,367,22020,0.017,0.015
7/6/2021,0.019,241,13011,0.015,0.011,108,9628,0.012,349,22639,0.015,0.014
7/5/2021,0.018,141,7997,0.013,0.012,74,6098,0.012,215,14095,0.015,0.013
7/4/2021,0.016,108,6606,0.013,0.028,34,1203,0.011,142,7809,0.018,0.013
7/3/2021,0.015,156,10089,0.013,0.017,36,2100,0.011,192,12189,0.016,0.012
7/2/2021,0.013,190,14274,0.013,0.012,83,6728,0.011,273,21002,0.013,0.012
7/1/2021,0.014,186,13423,0.013,0.007,71,10039,0.01,257,23462,0.011,0.012
6/30/2021,0.011,195,17001,0.013,0.016,75,4702,0.01,270,21703,0.012,0.012
6/29/2021,0.01,200,19299,0.013,0.01,72,7268,0.01,272,26567,0.01,0.012
6/28/2021,0.017,179,10724,0.013,0.009,91,10128,0.01,270,20852,0.013,0.012
6/27/2021,0.014,117,8214,0.014,0.019,42,2205,0.009,159,10419,0.015,0.012
6/26/2021,0.014,165,11667,0.013,0.015,41,2821,0.009,206,14488,0.014,0.012
6/25/2021,0.013,193,14943,0.013,0.009,63,6894,0.01,256,21837,0.012,0.012
6/24/2021,0.016,219,13769,0.013,0.007,73,10349,0.01,292,24118,0.012,0.012
6/23/2021,0.011,199,17665,0.013,0.011,60,5681,0.01,259,23346,0.011,0.012
6/22/2021,0.012,228,19460,0.013,0.01,79,7527,0.01,307,26987,0.011,0.012
6/21/2021,0.017,183,10534,0.013,0.008,91,11965,0.01,274,22499,0.012,0.012
6/20/2021,0.014,137,10142,0.013,0.016,36,2224,0.011,173,12366,0.014,0.012
6/19/2021,0.012,145,11601,0.013,0.022,54,2477,0.011,199,14078,0.014,0.012
6/18/2021,0.013,213,16312,0.013,0.009,71,8320,0.011,284,24632,0.012,0.013
6/17/2021,0.014,218,15900,0.014,0.007,85,11843,0.011,303,27743,0.011,0.013
6/16/2021,0.012,262,21685,0.014,0.013,77,6042,0.01,339,27727,0.012,0.013
6/15/2021,0.012,271,23493,0.015,0.012,95,7852,0.01,366,31345,0.012,0.013
6/14/2021,0.015,200,13648,0.015,0.01,112,10948,0.01,312,24596,0.013,0.013
6/13/2021,0.016,154,9727,0.016,0.02,56,2840,0.009,210,12567,0.017,0.014
6/12/2021,0.016,221,13808,0.016,0.014,41,3013,0.01,262,16821,0.016,0.014
6/11/2021,0.015,247,16723,0.016,0.01,80,7981,0.01,327,24704,0.013,0.014
6/10/2021,0.016,282,17117,0.017,0.006,67,12010,0.01,349,29127,0.012,0.015
6/9/2021,0.015,310,21219,0.017,0.012,77,6185,0.011,387,27404,0.014,0.015
6/8/2021,0.012,297,24319,0.017,0.009,94,10789,0.012,391,35108,0.011,0.016
6/7/2021,0.023,302,13382,0.02,0.009,121,14141,0.013,423,27523,0.015,0.017
6/6/2021,0.021,228,10862,0.02,0.027,77,2873,0.015,305,13735,0.022,0.018
6/5/2021,0.018,254,13828,0.021,0.027,80,2917,0.015,334,16745,0.02,0.019
6/4/2021,0.02,410,20876,0.022,0.01,109,11074,0.016,519,31950,0.016,0.02
6/3/2021,0.016,397,24096,0.023,0.009,106,12469,0.017,503,36565,0.014,0.021
6/2/2021,0.016,477,28953,0.025,0.022,176,7839,0.018,653,36792,0.018,0.023
6/1/2021,0.028,395,13863,0.027,0.014,226,15961,0.019,621,29824,0.021,0.024
5/31/2021,0.036,254,6989,0.027,0.014,60,4377,0.021,314,11366,0.028,0.026
5/30/2021,0.024,275,11295,0.028,0.037,115,3087,0.021,390,14382,0.027,0.026
5/29/2021,0.027,409,15315,0.029,0.042,131,3092,0.022,540,18407,0.029,0.027
5/28/2021,0.028,539,19592,0.03,0.017,160,9416,0.023,699,29008,0.024,0.028
5/27/2021,0.027,534,19873,0.031,0.014,211,15474,0.024,745,35347,0.021,0.029
5/26/2021,0.027,723,27269,0.032,0.027,209,7629,0.025,932,34898,0.027,0.03
5/25/2021,0.028,782,27855,0.033,0.025,261,10395,0.027,1043,38250,0.027,0.031
5/24/2021,0.04,540,13498,0.033,0.018,334,18788,0.027,874,32286,0.027,0.031
5/23/2021,0.036,405,11240,0.033,0.055,185,3334,0.027,590,14574,0.04,0.031
5/22/2021,0.034,604,17857,0.034,0.057,203,3582,0.028,807,21439,0.038,0.032
5/21/2021,0.035,821,23793,0.034,0.025,251,9908,0.028,1072,33701,0.032,0.032
5/20/2021,0.035,822,23215,0.034,0.02,330,16645,0.027,1152,39860,0.029,0.032
5/19/2021,0.029,857,29284,0.034,0.039,332,8517,0.027,1189,37801,0.031,0.032
5/18/2021,0.028,961,34532,0.034,0.025,318,12826,0.028,1279,47358,0.027,0.032
5/17/2021,0.048,690,14342,0.035,0.022,439,20277,0.028,1129,34619,0.033,0.033
5/16/2021,0.044,574,12901,0.035,0.054,205,3794,0.027,779,16695,0.047,0.033
5/15/2021,0.034,696,20472,0.035,0.056,222,3997,0.027,918,24469,0.038,0.033
5/14/2021,0.036,881,24516,0.036,0.024,292,12178,0.027,1173,36694,0.032,0.033
5/13/2021,0.035,892,25548,0.036,0.02,333,17012,0.028,1225,42560,0.029,0.034
5/12/2021,0.029,1024,34792,0.036,0.041,375,9104,0.028,1399,43896,0.032,0.033
5/11/2021,0.031,1093,34923,0.036,0.03,421,14008,0.028,1514,48931,0.031,0.033
5/10/2021,0.053,818,15406,0.037,0.016,362,22872,0.028,1180,38278,0.031,0.034
5/9/2021,0.045,572,12782,0.037,0.066,247,3766,0.03,819,16548,0.049,0.035
5/8/2021,0.038,812,21611,0.038,0.058,266,4577,0.031,1078,26188,0.041,0.036
5/7/2021,0.037,1073,28830,0.038,0.029,374,12948,0.031,1447,41778,0.035,0.036
5/6/2021,0.035,1269,36453,0.037,0.02,436,21584,0.032,1705,58037,0.029,0.036
5/5/2021,0.03,1328,44290,0.038,0.039,402,10297,0.033,1730,54587,0.032,0.036
5/4/2021,0.035,1409,40061,0.038,0.033,456,13991,0.034,1865,54052,0.035,0.037
5/3/2021,0.061,1009,16588,0.038,0.023,579,25075,0.034,1588,41663,0.038,0.037
5/2/2021,0.051,830,16414,0.038,0.084,308,3687,0.034,1138,20101,0.057,0.037
5/1/2021,0.038,1027,26697,0.038,0.065,321,4952,0.034,1348,31649,0.043,0.037
4/30/2021,0.034,1223,35813,0.038,0.034,479,13970,0.035,1702,49783,0.034,0.037
4/29/2021,0.037,1442,39354,0.038,0.024,545,22700,0.034,1987,62054,0.032,0.037
4/28/2021,0.033,1470,44589,0.037,0.047,502,10569,0.032,1972,55158,0.036,0.036
4/27/2021,0.036,1564,43625,0.036,0.037,588,16024,0.031,2152,59649,0.036,0.035
4/26/2021,0.055,1156,20857,0.035,0.024,682,28441,0.029,1838,49298,0.037,0.033
4/25/2021,0.049,940,19372,0.034,0.081,349,4319,0.027,1289,23691,0.054,0.032
4/24/2021,0.039,1121,28924,0.034,0.075,340,4525,0.027,1461,33449,0.044,0.032
4/23/2021,0.034,947,28030,0.045,0.031,323,10274,0.026,1270,38304,0.033,0.039
4/22/2021,0.03,1323,43551,0.044,0.016,383,23451,0.025,1706,67002,0.025,0.038
4/21/2021,0.029,1427,49335,0.045,0.032,385,11916,0.026,1812,61251,0.03,0.039
4/20/2021,0.03,1330,43962,0.046,0.025,426,17058,0.027,1756,61020,0.029,0.04
4/19/2021,0.045,912,20172,0.047,0.017,462,26460,0.027,1374,46632,0.029,0.041
4/18/2021,0.045,790,17489,0.047,0.075,275,3661,0.028,1065,21150,0.05,0.041
4/17/2021,0.132,3626,27478,0.048,0.062,288,4678,0.028,3914,32156,0.122,0.042
4/16/2021,0.031,1318,42408,0.039,0.024,426,17620,0.029,1744,60028,0.029,0.036
4/15/2021,0.034,1500,44138,0.039,0.022,509,23526,0.029,2009,67664,0.03,0.036
4/14/2021,0.035,1581,45801,0.04,0.036,455,12610,0.03,2036,58411,0.035,0.037
4/13/2021,0.036,1606,44670,0.04,0.027,510,19120,0.03,2116,63790,0.033,0.037
4/12/2021,0.048,1247,26057,0.04,0.021,579,28037,0.031,1826,54094,0.034,0.037
4/11/2021,0.061,1176,19263,0.04,0.076,329,4307,0.032,1505,23570,0.064,0.038
4/10/2021,0.043,1383,31915,0.039,0.074,379,5145,0.03,1762,37060,0.048,0.037
4/9/2021,0.036,1543,43198,0.039,0.027,466,17318,0.03,2009,60516,0.033,0.037
4/8/2021,0.036,1646,45600,0.039,0.024,534,22156,0.031,2180,67756,0.032,0.037
4/7/2021,0.036,1732,48458,0.04,0.039,509,12969,0.029,2241,61427,0.036,0.037
4/6/2021,0.035,1633,47151,0.04,0.028,549,19576,0.029,2182,66727,0.033,0.037
4/5/2021,0.05,1131,22787,0.039,0.027,654,24201,0.03,1785,46988,0.038,0.036
4/4/2021,0.058,971,16710,0.039,0.026,63,2437,0.029,1034,19147,0.054,0.036
4/3/2021,0.043,1138,26452,0.039,0.08,338,4217,0.031,1476,30669,0.048,0.037
4/2/2021,0.037,1233,33246,0.039,0.03,460,15561,0.032,1693,48807,0.035,0.037
4/1/2021,0.038,1607,42814,0.038,0.019,469,24466,0.032,2076,67280,0.031,0.036
3/31/2021,0.035,1678,48024,0.038,0.041,493,12164,0.032,2171,60188,0.036,0.036
3/30/2021,0.033,1483,45334,0.036,0.029,485,16786,0.032,1968,62120,0.032,0.035
3/29/2021,0.05,1132,22792,0.035,0.023,539,23786,0.031,1671,46578,0.036,0.034
3/28/2021,0.052,875,16817,0.034,0.099,386,3918,0.03,1261,20735,0.061,0.033
3/27/2021,0.043,1123,26191,0.033,0.081,368,4519,0.03,1491,30710,0.049,0.032
3/26/2021,0.034,1301,38275,0.032,0.029,481,16441,0.029,1782,54716,0.033,0.031
3/25/2021,0.035,1462,41692,0.032,0.021,486,23707,0.028,1948,65399,0.03,0.031
3/24/2021,0.027,1388,51256,0.03,0.037,441,11982,0.028,1829,63238,0.029,0.029
3/23/2021,0.028,1277,45575,0.029,0.027,469,17493,0.028,1746,63068,0.028,0.029
3/22/2021,0.036,766,21507,0.028,0.02,453,23221,0.027,1219,44728,0.027,0.028
3/21/2021,0.042,699,16661,0.028,0.088,344,3916,0.027,1043,20577,0.051,0.028
3/20/2021,0.034,955,28248,0.028,0.067,304,4551,0.026,1259,32799,0.038,0.028
3/19/2021,0.029,1194,40507,0.028,0.023,408,17638,0.026,1602,58145,0.028,0.027
3/18/2021,0.025,1117,44770,0.027,0.017,373,22364,0.026,1490,67134,0.022,0.027
3/17/2021,0.023,1128,49626,0.027,0.038,451,11937,0.026,1579,61563,0.026,0.027
3/16/2021,0.023,1143,49101,0.027,0.025,414,16893,0.025,1557,65994,0.024,0.026
3/15/2021,0.038,889,23204,0.027,0.019,463,24403,0.025,1352,47607,0.028,0.027
3/14/2021,0.043,672,15603,0.027,0.07,267,3836,0.026,939,19439,0.048,0.026
3/13/2021,0.03,874,29402,0.027,0.062,279,4520,0.026,1153,33922,0.034,0.026
3/12/2021,0.024,979,41007,0.027,0.024,402,16658,0.026,1381,57665,0.024,0.026
3/11/2021,0.027,1232,44928,0.027,0.015,362,23809,0.025,1594,68737,0.023,0.027
3/10/2021,0.02,1085,55167,0.027,0.035,405,11656,0.026,1490,66823,0.022,0.027
3/9/2021,0.026,1203,46609,0.028,0.023,418,17949,0.026,1621,64558,0.025,0.027
3/8/2021,0.033,833,24881,0.028,0.02,473,23689,0.026,1306,48570,0.027,0.027
3/7/2021,0.042,612,14529,0.028,0.068,315,4613,0.025,927,19142,0.048,0.027
3/6/2021,0.03,929,30960,0.029,0.064,292,4597,0.025,1221,35557,0.034,0.028
3/5/2021,0.027,1098,39950,0.029,0.021,357,16941,0.025,1455,56891,0.026,0.028
3/4/2021,0.026,1174,45209,0.028,0.019,468,24588,0.026,1642,69797,0.024,0.028
3/3/2021,0.024,1235,52009,0.028,0.032,370,11421,0.025,1605,63430,0.025,0.027
3/2/2021,0.025,1204,47447,0.029,0.025,424,16658,0.025,1628,64105,0.025,0.028
3/1/2021,0.04,925,23177,0.03,0.016,402,24592,0.025,1327,47769,0.028,0.029
2/28/2021,0.044,713,16129,0.031,0.063,272,4317,0.026,985,20446,0.048,0.03
2/27/2021,0.031,1044,33265,0.031,0.061,289,4759,0.027,1333,38024,0.035,0.03
2/26/2021,0.026,1278,48738,0.033,0.026,416,16002,0.026,1694,64740,0.026,0.031
2/25/2021,0.025,1484,58965,0.035,0.016,383,24354,0.026,1867,83319,0.022,0.032
2/24/2021,0.03,1564,51737,0.038,0.035,435,12319,0.028,1999,64056,0.031,0.035
2/23/2021,0.032,1581,50179,0.04,0.023,406,17352,0.028,1987,67531,0.029,0.036
2/22/2021,0.048,1020,21243,0.043,0.02,489,24594,0.029,1509,45837,0.033,0.039
2/21/2021,0.051,845,16536,0.043,0.078,336,4284,0.031,1181,20820,0.057,0.039
2/20/2021,0.042,1350,32326,0.042,0.057,283,4984,0.031,1633,37310,0.044,0.039
2/19/2021,0.039,1631,41514,0.042,0.026,430,16724,0.032,2061,58238,0.035,0.039
2/18/2021,0.042,1555,36589,0.045,0.021,478,22705,0.033,2033,59294,0.034,0.041
2/17/2021,0.038,1418,37682,0.045,0.036,508,14207,0.032,1926,51889,0.037,0.041
2/16/2021,0.056,1084,19286,0.045,0.032,414,12846,0.034,1498,32132,0.047,0.042
2/15/2021,0.047,1022,21906,0.045,0.026,563,21857,0.033,1585,43763,0.036,0.042
2/14/2021,0.042,1098,26303,0.047,0.079,331,4181,0.034,1429,30484,0.047,0.043
2/13/2021,0.041,1577,38010,0.048,0.074,369,4965,0.034,1946,42975,0.045,0.044
2/12/2021,0.054,1930,35741,0.05,0.03,505,16681,0.035,2435,52422,0.046,0.046
2/11/2021,0.045,1935,43024,0.051,0.021,480,23279,0.035,2415,66303,0.036,0.047
2/10/2021,0.038,2185,57633,0.052,0.047,549,11789,0.037,2734,69422,0.039,0.048
2/9/2021,0.049,2470,50398,0.055,0.029,498,17241,0.038,2968,67639,0.044,0.051
2/8/2021,0.067,1688,25357,0.057,0.029,649,22691,0.039,2337,48048,0.049,0.052
2/7/2021,0.062,1373,22207,0.058,0.095,367,3854,0.041,1740,26061,0.067,0.054
2/6/2021,0.057,2021,35294,0.06,0.089,426,4805,0.041,2447,40099,0.061,0.055
2/5/2021,0.056,2583,46005,0.061,0.035,599,17203,0.042,3182,63208,0.05,0.056
2/4/2021,0.054,2618,48866,0.062,0.027,659,24435,0.042,3277,73301,0.045,0.057
2/3/2021,0.053,3209,60546,0.066,0.052,683,13139,0.044,3892,73685,0.053,0.06
2/2/2021,0.057,2890,50793,0.068,0.04,727,18328,0.044,3617,69121,0.052,0.062
2/1/2021,0.088,2104,23900,0.069,0.035,823,23758,0.044,2927,47658,0.061,0.063
1/31/2021,0.076,2253,29663,0.07,0.097,458,4698,0.045,2711,34361,0.079,0.063
1/30/2021,0.069,2790,40639,0.071,0.097,518,5316,0.046,3308,45955,0.072,0.065
1/29/2021,0.063,3317,52885,0.072,0.039,680,17619,0.047,3997,70504,0.057,0.066
1/28/2021,0.072,3954,54607,0.075,0.031,717,22841,0.048,4671,77448,0.06,0.068
1/27/2021,0.064,4208,65933,0.075,0.056,708,12632,0.049,4916,78565,0.063,0.068
1/26/2021,0.069,3728,54274,0.078,0.039,737,18811,0.049,4465,73085,0.061,0.071
1/25/2021,0.089,2336,26386,0.081,0.039,992,25201,0.051,3328,51587,0.065,0.073
1/24/2021,0.098,2287,23381,0.084,0.106,550,5201,0.052,2837,28582,0.099,0.075
1/23/2021,0.077,3576,46274,0.084,0.127,619,4857,0.053,4195,51131,0.082,0.076
1/22/2021,0.079,4028,50683,0.088,0.045,857,19187,0.051,4885,69870,0.07,0.079
1/21/2021,0.072,4237,58561,0.091,0.037,878,23533,0.052,5115,82094,0.062,0.081
1/20/2021,0.081,5078,62793,0.095,0.059,864,14591,0.051,5942,77384,0.077,0.084
1/19/2021,0.087,4434,51167,0.099,0.049,964,19722,0.052,5398,70889,0.076,0.087
1/18/2021,0.118,2851,24128,0.101,0.046,1162,25236,0.052,4013,49364,0.081,0.089
1/17/2021,0.103,2871,27895,0.103,0.104,585,5640,0.052,3456,33535,0.103,0.091
1/16/2021,0.107,4861,45556,0.107,0.096,483,5013,0.053,5344,50569,0.106,0.094
1/15/2021,0.096,4946,51674,0.109,0.046,831,17873,0.054,5777,69547,0.083,0.096
1/14/2021,0.094,5591,59430,0.114,0.035,830,23823,0.056,6421,83253,0.077,0.1
1/13/2021,0.1,6282,62695,0.121,0.064,841,13073,0.059,7123,75768,0.094,0.106
1/12/2021,0.1,5768,57677,0.124,0.052,883,17129,0.061,6651,74806,0.089,0.11
1/11/2021,0.143,4199,29424,0.132,0.045,1159,25870,0.066,5358,55294,0.097,0.117
1/10/2021,0.147,4200,28585,0.135,0.134,643,4784,0.071,4843,33369,0.145,0.12
1/9/2021,0.124,5734,46244,0.137,0.111,619,5600,0.072,6353,51844,0.123,0.121
1/8/2021,0.126,6990,55461,0.138,0.059,951,16011,0.074,7941,71472,0.111,0.123
1/7/2021,0.13,8379,64700,0.141,0.048,1143,23582,0.076,9522,88282,0.108,0.125
1/6/2021,0.121,8560,70529,0.144,0.081,1129,14010,0.078,9689,84539,0.115,0.129
1/5/2021,0.149,8199,55150,0.147,0.083,1335,16051,0.074,9534,71201,0.134,0.129
1/4/2021,0.183,5115,27956,0.146,0.064,1698,26558,0.073,6813,54514,0.125,0.129
1/3/2021,0.178,3745,20985,0.146,0.165,786,4761,0.069,4531,25746,0.176,0.127
1/2/2021,0.132,4172,31503,0.144,0.168,831,4951,0.068,5003,36454,0.137,0.125
1/1/2021,0.137,5041,36697,0.143,0.05,172,3409,0.067,5213,40106,0.13,0.124
12/31/2020,0.145,7162,49522,0.141,0.046,772,16910,0.068,7934,66432,0.119,0.123
12/30/2020,0.134,8688,64918,0.137,0.061,1172,19208,0.069,9860,84126,0.117,0.121
12/29/2020,0.144,8254,57211,0.133,0.082,1136,13920,0.064,9390,71131,0.132,0.116
12/28/2020,0.182,4661,25667,0.129,0.053,1548,29292,0.063,6209,54959,0.113,0.113
12/27/2020,0.153,3116,20342,0.126,0.15,609,4059,0.061,3725,24401,0.153,0.11
12/26/2020,0.124,3565,28851,0.126,0.161,715,4439,0.06,4280,33290,0.129,0.11
12/25/2020,0.119,3588,30189,0.128,0.057,111,1942,0.057,3699,32131,0.115,0.112
12/24/2020,0.122,6067,49625,0.128,0.047,657,13930,0.056,6724,63555,0.106,0.111
12/23/2020,0.116,7416,63816,0.13,0.044,1031,23400,0.056,8447,87216,0.097,0.112
12/22/2020,0.125,7201,57443,0.133,0.075,997,13211,0.06,8198,70654,0.116,0.117
12/21/2020,0.145,4783,33093,0.134,0.048,1410,29403,0.057,6193,62496,0.099,0.117
12/20/2020,0.139,4217,30348,0.136,0.13,541,4146,0.06,4758,34494,0.138,0.12
12/19/2020,0.138,6435,46513,0.136,0.101,417,4128,0.06,6852,50641,0.135,0.12
12/18/2020,0.125,7455,59742,0.136,0.049,889,18171,0.061,8344,77913,0.107,0.121
12/17/2020,0.135,8402,62135,0.138,0.049,881,18128,0.061,9283,80263,0.116,0.122
12/16/2020,0.13,9015,69182,0.14,0.074,781,10616,0.063,9796,79798,0.123,0.124
12/15/2020,0.137,7889,57686,0.142,0.053,1031,19295,0.063,8920,76981,0.116,0.126
12/14/2020,0.163,5716,35120,0.144,0.058,1453,25010,0.064,7169,60130,0.119,0.127
12/13/2020,0.133,5172,38749,0.146,0.148,475,3216,0.062,5647,41965,0.135,0.129
12/12/2020,0.142,8163,57502,0.149,0.113,471,4163,0.061,8634,61665,0.14,0.132
12/11/2020,0.137,8817,64384,0.149,0.051,995,19418,0.061,9812,83802,0.117,0.132
12/10/2020,0.143,9321,65036,0.151,0.057,923,16262,0.063,10244,81298,0.126,0.134
12/9/2020,0.146,9836,67360,0.156,0.076,866,11437,0.063,10702,78797,0.136,0.138
12/8/2020,0.145,9239,63573,0.157,0.057,1189,20828,0.063,10428,84401,0.124,0.139
12/7/2020,0.179,7403,41257,0.159,0.053,1347,25208,0.062,8750,66465,0.132,0.141
12/6/2020,0.163,8353,51215,0.159,0.122,352,2878,0.063,8705,54093,0.161,0.141
12/5/2020,0.142,7786,54923,0.157,0.098,390,3976,0.063,8176,58899,0.139,0.139
12/4/2020,0.151,9965,65833,0.157,0.062,1153,18644,0.063,11118,84477,0.132,0.139
12/3/2020,0.17,11449,67443,0.157,0.061,968,15854,0.06,12417,83297,0.149,0.138
12/2/2020,0.153,9782,64062,0.154,0.077,701,9158,0.06,10483,73220,0.143,0.137
12/1/2020,0.162,8698,53809,0.15,0.051,945,18475,0.054,9643,72284,0.133,0.131
11/30/2020,0.183,6638,36249,0.146,0.055,1301,23785,0.055,7939,60034,0.132,0.129
11/29/2020,0.142,6902,48561,0.141,0.12,380,3179,0.054,7282,51740,0.141,0.125
11/28/2020,0.144,7238,50310,0.141,0.104,380,3668,0.053,7618,53978,0.141,0.125
11/27/2020,0.151,7683,50770,0.137,0.046,823,17859,0.052,8506,68629,0.124,0.123
11/26/2020,0.149,7450,49906,0.134,0.064,197,3086,0.051,7647,52992,0.144,0.12
11/25/2020,0.132,9401,71149,0.132,0.04,776,19618,0.05,10177,90767,0.112,0.117
11/24/2020,0.141,9533,67788,0.131,0.059,1082,18196,0.054,10615,85984,0.123,0.118
11/23/2020,0.136,7471,55130,0.13,0.048,1054,21939,0.05,8525,77069,0.111,0.118
11/22/2020,0.135,7303,54043,0.13,0.095,273,2864,0.049,7576,56907,0.133,0.118
11/21/2020,0.123,8646,70405,0.13,0.108,335,3095,0.049,8981,73500,0.122,0.118
11/20/2020,0.127,9223,72689,0.13,0.041,732,18044,0.047,9955,90733,0.11,0.117
11/19/2020,0.13,9256,71403,0.129,0.047,671,14272,0.046,9927,85675,0.116,0.117
11/18/2020,0.126,8491,67454,0.128,0.061,569,9278,0.045,9060,76732,0.118,0.116
11/17/2020,0.139,9287,66754,0.129,0.039,563,14442,0.043,9850,81196,0.121,0.117
11/16/2020,0.136,6316,46523,0.127,0.044,713,16227,0.042,7029,62750,0.112,0.115
11/15/2020,0.132,5619,42544,0.125,0.086,172,2010,0.044,5791,44554,0.13,0.114
11/14/2020,0.123,7472,60744,0.123,0.08,215,2697,0.046,7687,63441,0.121,0.112
11/13/2020,0.118,8590,72619,0.12,0.035,506,14418,0.047,9096,87037,0.105,0.109
11/12/2020,0.129,8152,63082,0.117,0.038,494,12926,0.049,8646,76008,0.114,0.106
11/11/2020,0.131,8509,65087,0.112,0.044,395,9007,0.049,8904,74094,0.12,0.102
11/10/2020,0.128,7458,58310,0.105,0.037,504,13639,0.049,7962,71949,0.111,0.097
11/9/2020,0.118,5686,48290,0.1,0.053,787,14805,0.05,6473,63095,0.103,0.092
11/8/2020,0.109,4454,41043,0.096,0.117,388,3330,0.046,4842,44373,0.109,0.089
11/7/2020,0.1,5275,52888,0.094,0.1,285,2838,0.044,5560,55726,0.1,0.086
11/6/2020,0.097,6053,62446,0.089,0.04,516,12782,0.042,6569,75228,0.087,0.082
11/5/2020,0.1,5900,59084,0.083,0.039,481,12178,0.041,6381,71262,0.09,0.077
11/4/2020,0.088,4727,53560,0.078,0.042,387,9206,0.04,5114,62766,0.081,0.073
11/3/2020,0.092,4651,50630,0.076,0.041,430,10469,0.038,5081,61099,0.083,0.07
11/2/2020,0.088,3539,39997,0.072,0.036,432,12125,0.036,3971,52122,0.076,0.067
11/1/2020,0.084,2588,30860,0.07,0.102,180,1772,0.034,2768,32632,0.085,0.065
10/31/2020,0.064,2930,45796,0.067,0.057,157,2736,0.033,3087,48532,0.064,0.063
10/30/2020,0.066,3820,57714,0.067,0.03,279,9166,0.033,4099,66880,0.061,0.062
10/29/2020,0.071,4025,56362,0.065,0.034,295,8694,0.034,4320,65056,0.066,0.061
10/28/2020,0.07,3578,51199,0.062,0.033,295,8897,0.033,3873,60096,0.064,0.059
10/27/2020,0.068,3452,50445,0.06,0.026,250,9564,0.031,3702,60009,0.062,0.057
10/26/2020,0.069,2180,31585,0.059,0.028,233,8365,0.031,2413,39950,0.06,0.056
10/25/2020,0.062,2218,35875,0.057,0.087,127,1463,0.033,2345,37338,0.063,0.054
10/24/2020,0.057,2459,43445,0.055,0.059,137,2323,0.031,2596,45768,0.057,0.053
10/23/2020,0.057,2899,50746,0.054,0.03,144,4810,0.03,3043,55556,0.055,0.051
10/22/2020,0.054,2769,51135,0.052,0.03,188,6341,0.029,2957,57476,0.051,0.05
10/21/2020,0.056,2676,48029,0.051,0.025,176,7172,0.028,2852,55201,0.052,0.048
10/20/2020,0.061,2591,42824,0.05,0.024,165,6815,0.029,2756,49639,0.056,0.048
10/19/2020,0.052,1621,31312,0.049,0.035,227,6547,N/A,1848,37859,0.049,N/A
10/18/2020,0.049,1551,31618,0.049,0.038,50,1306,N/A,1601,32924,0.049,N/A
10/17/2020,0.044,2055,46189,0.048,0.056,72,1289,N/A,2127,47478,0.045,N/A
10/16/2020,0.048,2144,44552,0.047,0.022,110,5088,N/A,2254,49640,0.045,N/A
10/15/2020,0.046,2327,50335,0.045,0.026,116,4438,N/A,2443,54773,0.045,N/A
10/14/2020,0.05,2337,46626,0.044,0.026,108,4224,N/A,2445,50850,0.048,N/A
10/13/2020,0.054,1809,33629,0.042,N/A,N/A,N/A,N/A,N/A,N/A,N/A,N/A
10/12/2020,0.055,1420,26054,0.04,N/A,N/A,N/A,N/A,N/A,N/A,N/A,N/A
10/11/2020,0.039,1405,35866,0.038,N/A,N/A,N/A,N/A,N/A,N/A,N/A,N/A
10/10/2020,0.038,1421,37490,0.037,N/A,N/A,N/A,N/A,N/A,N/A,N/A,N/A
10/9/2020,0.037,1645,44448,0.036,N/A,N/A,N/A,N/A,N/A,N/A,N/A,N/A
10/8/2020,0.039,1790,45607,0.035,N/A,N/A,N/A,N/A,N/A,N/A,N/A,N/A
10/7/2020,0.039,1759,45632,0.034,N/A,N/A,N/A,N/A,N/A,N/A,N/A,N/A
10/6/2020,0.04,1337,33622,0.033,N/A,N/A,N/A,N/A,N/A,N/A,N/A,N/A
10/5/2020,0.037,998,27075,0.033,N/A,N/A,N/A,N/A,N/A,N/A,N/A,N/A
10/4/2020,0.03,1001,33059,0.032,N/A,N/A,N/A,N/A,N/A,N/A,N/A,N/A
10/3/2020,0.031,1101,35131,0.032,N/A,N/A,N/A,N/A,N/A,N/A,N/A,N/A
10/2/2020,0.03,1257,42207,0.032,N/A,N/A,N/A,N/A,N/A,N/A,N/A,N/A
10/1/2020,0.031,1421,45644,0.032,N/A,N/A,N/A,N/A,N/A,N/A,N/A,N/A
9/30/2020,0.034,1238,36941,0.032,N/A,N/A,N/A,N/A,N/A,N/A,N/A,N/A
9/29/2020,0.04,1332,33164,0.031,N/A,N/A,N/A,N/A,N/A,N/A,N/A,N/A
9/28/2020,0.03,800,26896,0.029,N/A,N/A,N/A,N/A,N/A,N/A,N/A,N/A
9/27/2020,0.029,913,31646,0.029,N/A,N/A,N/A,N/A,N/A,N/A,N/A,N/A
9/26/2020,0.029,1042,35915,0.028,N/A,N/A,N/A,N/A,N/A,N/A,N/A,N/A
9/25/2020,0.029,1117,38940,0.028,N/A,N/A,N/A,N/A,N/A,N/A,N/A,N/A
9/24/2020,0.031,1246,40392,0.027,N/A,N/A,N/A,N/A,N/A,N/A,N/A,N/A
9/23/2020,0.027,1002,36939,0.027,N/A,N/A,N/A,N/A,N/A,N/A,N/A,N/A
9/22/2020,0.029,737,25184,0.028,N/A,N/A,N/A,N/A,N/A,N/A,N/A,N/A
9/21/2020,0.026,622,23647,0.028,N/A,N/A,N/A,N/A,N/A,N/A,N/A,N/A
9/20/2020,0.024,725,29733,0.028,N/A,N/A,N/A,N/A,N/A,N/A,N/A,N/A
9/19/2020,0.028,934,33604,0.029,N/A,N/A,N/A,N/A,N/A,N/A,N/A,N/A
9/18/2020,0.025,1006,39975,0.029,N/A,N/A,N/A,N/A,N/A,N/A,N/A,N/A
9/17/2020,0.028,1005,36477,0.031,N/A,N/A,N/A,N/A,N/A,N/A,N/A,N/A
9/16/2020,0.034,1306,38464,0.033,N/A,N/A,N/A,N/A,N/A,N/A,N/A,N/A
9/15/2020,0.03,861,28838,0.033,N/A,N/A,N/A,N/A,N/A,N/A,N/A,N/A
9/14/2020,0.025,718,28594,0.035,N/A,N/A,N/A,N/A,N/A,N/A,N/A,N/A
9/13/2020,0.031,974,31188,0.036,N/A,N/A,N/A,N/A,N/A,N/A,N/A,N/A
9/12/2020,0.032,1096,33943,0.036,N/A,N/A,N/A,N/A,N/A,N/A,N/A,N/A
9/11/2020,0.034,1080,31473,0.037,N/A,N/A,N/A,N/A,N/A,N/A,N/A,N/A
9/10/2020,0.042,1556,36667,0.039,N/A,N/A,N/A,N/A,N/A,N/A,N/A,N/A
9/9/2020,0.037,1126,30601,0.04,N/A,N/A,N/A,N/A,N/A,N/A,N/A,N/A
9/8/2020,0.044,845,19375,0.042,N/A,N/A,N/A,N/A,N/A,N/A,N/A,N/A
9/7/2020,0.033,593,17953,0.042,N/A,N/A,N/A,N/A,N/A,N/A,N/A,N/A
9/6/2020,0.03,698,23049,0.043,N/A,N/A,N/A,N/A,N/A,N/A,N/A,N/A
9/5/2020,0.04,969,24209,0.044,N/A,N/A,N/A,N/A,N/A,N/A,N/A,N/A
9/4/2020,0.043,1193,27925,0.043,N/A,N/A,N/A,N/A,N/A,N/A,N/A,N/A
9/3/2020,0.047,1455,30812,0.044,N/A,N/A,N/A,N/A,N/A,N/A,N/A,N/A
9/2/2020,0.053,1586,29822,0.044,N/A,N/A,N/A,N/A,N/A,N/A,N/A,N/A
9/1/2020,0.043,1183,27820,0.043,N/A,N/A,N/A,N/A,N/A,N/A,N/A,N/A
8/31/2020,0.038,858,22473,0.044,N/A,N/A,N/A,N/A,N/A,N/A,N/A,N/A
8/30/2020,0.043,966,22310,0.044,N/A,N/A,N/A,N/A,N/A,N/A,N/A,N/A
8/29/2020,0.036,1110,31038,0.043,N/A,N/A,N/A,N/A,N/A,N/A,N/A,N/A
8/28/2020,0.045,1383,30918,0.044,N/A,N/A,N/A,N/A,N/A,N/A,N/A,N/A
8/27/2020,0.048,1617,33378,0.043,N/A,N/A,N/A,N/A,N/A,N/A,N/A,N/A
8/26/2020,0.048,1514,31501,0.042,N/A,N/A,N/A,N/A,N/A,N/A,N/A,N/A
8/25/2020,0.049,1275,26116,0.041,N/A,N/A,N/A,N/A,N/A,N/A,N/A,N/A
8/24/2020,0.036,786,21602,0.04,N/A,N/A,N/A,N/A,N/A,N/A,N/A,N/A
8/23/2020,0.038,902,23980,0.04,N/A,N/A,N/A,N/A,N/A,N/A,N/A,N/A
8/22/2020,0.037,1004,27335,0.04,N/A,N/A,N/A,N/A,N/A,N/A,N/A,N/A
8/21/2020,0.039,1036,26380,0.04,N/A,N/A,N/A,N/A,N/A,N/A,N/A,N/A
8/20/2020,0.046,1382,30053,0.041,N/A,N/A,N/A,N/A,N/A,N/A,N/A,N/A
8/19/2020,0.043,1219,28033,0.041,N/A,N/A,N/A,N/A,N/A,N/A,N/A,N/A
8/18/2020,0.038,1067,27962,0.042,N/A,N/A,N/A,N/A,N/A,N/A,N/A,N/A
8/17/2020,0.034,693,20113,0.045,N/A,N/A,N/A,N/A,N/A,N/A,N/A,N/A
8/16/2020,0.038,704,18384,0.046,N/A,N/A,N/A,N/A,N/A,N/A,N/A,N/A
8/15/2020,0.037,812,21747,0.047,N/A,N/A,N/A,N/A,N/A,N/A,N/A,N/A
8/14/2020,0.045,1181,26190,0.048,N/A,N/A,N/A,N/A,N/A,N/A,N/A,N/A
8/13/2020,0.049,1227,24845,0.052,N/A,N/A,N/A,N/A,N/A,N/A,N/A,N/A
8/12/2020,0.046,1276,27807,0.052,N/A,N/A,N/A,N/A,N/A,N/A,N/A,N/A
8/11/2020,0.057,1502,26356,0.053,N/A,N/A,N/A,N/A,N/A,N/A,N/A,N/A
8/10/2020,0.046,919,20106,0.053,N/A,N/A,N/A,N/A,N/A,N/A,N/A,N/A
8/9/2020,0.045,808,18096,0.054,N/A,N/A,N/A,N/A,N/A,N/A,N/A,N/A
8/8/2020,0.048,1037,21562,0.055,N/A,N/A,N/A,N/A,N/A,N/A,N/A,N/A
8/7/2020,0.066,1834,27694,0.056,N/A,N/A,N/A,N/A,N/A,N/A,N/A,N/A
8/6/2020,0.054,1330,24407,0.054,N/A,N/A,N/A,N/A,N/A,N/A,N/A,N/A
8/5/2020,0.05,1223,24446,0.054,N/A,N/A,N/A,N/A,N/A,N/A,N/A,N/A
8/4/2020,0.058,1367,23576,0.055,N/A,N/A,N/A,N/A,N/A,N/A,N/A,N/A
8/3/2020,0.048,929,19307,0.056,N/A,N/A,N/A,N/A,N/A,N/A,N/A,N/A
8/2/2020,0.059,995,16946,0.057,N/A,N/A,N/A,N/A,N/A,N/A,N/A,N/A
8/1/2020,0.054,1161,21507,0.056,N/A,N/A,N/A,N/A,N/A,N/A,N/A,N/A
7/31/2020,0.052,1403,26834,0.057,N/A,N/A,N/A,N/A,N/A,N/A,N/A,N/A
7/30/2020,0.057,1528,26788,0.058,N/A,N/A,N/A,N/A,N/A,N/A,N/A,N/A
7/29/2020,0.059,1404,23915,0.06,N/A,N/A,N/A,N/A,N/A,N/A,N/A,N/A
7/28/2020,0.06,1676,27770,0.06,N/A,N/A,N/A,N/A,N/A,N/A,N/A,N/A
7/27/2020,0.056,1286,23154,0.061,N/A,N/A,N/A,N/A,N/A,N/A,N/A,N/A
7/26/2020,0.053,1067,20080,0.061,N/A,N/A,N/A,N/A,N/A,N/A,N/A,N/A
7/25/2020,0.061,1253,20587,0.062,N/A,N/A,N/A,N/A,N/A,N/A,N/A,N/A
7/24/2020,0.06,1569,26048,0.062,N/A,N/A,N/A,N/A,N/A,N/A,N/A,N/A
7/23/2020,0.067,1893,28072,0.064,N/A,N/A,N/A,N/A,N/A,N/A,N/A,N/A
7/22/2020,0.061,1483,24147,0.064,N/A,N/A,N/A,N/A,N/A,N/A,N/A,N/A
7/21/2020,0.064,1562,24289,0.063,N/A,N/A,N/A,N/A,N/A,N/A,N/A,N/A
7/20/2020,0.059,1347,22747,0.063,N/A,N/A,N/A,N/A,N/A,N/A,N/A,N/A
7/19/2020,0.059,1104,18583,0.063,N/A,N/A,N/A,N/A,N/A,N/A,N/A,N/A
7/18/2020,0.064,1424,22394,0.063,N/A,N/A,N/A,N/A,N/A,N/A,N/A,N/A
7/17/2020,0.067,1770,26424,0.064,N/A,N/A,N/A,N/A,N/A,N/A,N/A,N/A
7/16/2020,0.071,1707,24197,0.064,N/A,N/A,N/A,N/A,N/A,N/A,N/A,N/A
7/15/2020,0.059,1728,29252,0.064,N/A,N/A,N/A,N/A,N/A,N/A,N/A,N/A
7/14/2020,0.064,1852,28730,0.065,N/A,N/A,N/A,N/A,N/A,N/A,N/A,N/A
7/13/2020,0.056,1144,20485,0.065,N/A,N/A,N/A,N/A,N/A,N/A,N/A,N/A
7/12/2020,0.062,1083,17336,0.064,N/A,N/A,N/A,N/A,N/A,N/A,N/A,N/A
7/11/2020,0.066,1439,21717,0.063,N/A,N/A,N/A,N/A,N/A,N/A,N/A,N/A
7/10/2020,0.067,1714,25595,0.062,N/A,N/A,N/A,N/A,N/A,N/A,N/A,N/A
7/9/2020,0.07,1734,24828,0.061,N/A,N/A,N/A,N/A,N/A,N/A,N/A,N/A
7/8/2020,0.067,1638,24289,0.059,N/A,N/A,N/A,N/A,N/A,N/A,N/A,N/A
7/7/2020,0.065,1403,21687,0.057,N/A,N/A,N/A,N/A,N/A,N/A,N/A,N/A
7/6/2020,0.048,937,19381,0.056,N/A,N/A,N/A,N/A,N/A,N/A,N/A,N/A
7/5/2020,0.051,796,15591,0.057,N/A,N/A,N/A,N/A,N/A,N/A,N/A,N/A
7/4/2020,0.061,815,13371,0.057,N/A,N/A,N/A,N/A,N/A,N/A,N/A,N/A
7/3/2020,0.056,1252,22480,0.055,N/A,N/A,N/A,N/A,N/A,N/A,N/A,N/A
7/2/2020,0.061,1354,22228,0.054,N/A,N/A,N/A,N/A,N/A,N/A,N/A,N/A
7/1/2020,0.059,1294,22014,0.053,N/A,N/A,N/A,N/A,N/A,N/A,N/A,N/A
6/30/2020,0.057,1251,22030,0.052,N/A,N/A,N/A,N/A,N/A,N/A,N/A,N/A
6/29/2020,0.053,976,18575,0.05,N/A,N/A,N/A,N/A,N/A,N/A,N/A,N/A
6/28/2020,0.05,660,13328,0.05,N/A,N/A,N/A,N/A,N/A,N/A,N/A,N/A
6/27/2020,0.046,812,17764,0.049,N/A,N/A,N/A,N/A,N/A,N/A,N/A,N/A
6/26/2020,0.05,1051,21020,0.049,N/A,N/A,N/A,N/A,N/A,N/A,N/A,N/A
6/25/2020,0.053,1094,20752,0.048,N/A,N/A,N/A,N/A,N/A,N/A,N/A,N/A
6/24/2020,0.052,1115,21387,0.047,N/A,N/A,N/A,N/A,N/A,N/A,N/A,N/A
6/23/2020,0.048,883,18348,0.045,N/A,N/A,N/A,N/A,N/A,N/A,N/A,N/A
6/22/2020,0.046,536,11533,0.045,N/A,N/A,N/A,N/A,N/A,N/A,N/A,N/A
6/21/2020,0.043,490,11491,0.045,N/A,N/A,N/A,N/A,N/A,N/A,N/A,N/A
6/20/2020,0.046,684,14800,0.044,N/A,N/A,N/A,N/A,N/A,N/A,N/A,N/A
6/19/2020,0.045,664,14756,0.043,N/A,N/A,N/A,N/A,N/A,N/A,N/A,N/A
6/18/2020,0.042,616,14549,0.042,N/A,N/A,N/A,N/A,N/A,N/A,N/A,N/A
6/17/2020,0.045,712,15706,0.043,N/A,N/A,N/A,N/A,N/A,N/A,N/A,N/A
6/16/2020,0.047,775,16653,0.042,N/A,N/A,N/A,N/A,N/A,N/A,N/A,N/A
6/15/2020,0.046,493,10724,0.04,N/A,N/A,N/A,N/A,N/A,N/A,N/A,N/A
6/14/2020,0.036,335,9326,0.038,N/A,N/A,N/A,N/A,N/A,N/A,N/A,N/A
6/13/2020,0.037,407,10943,0.038,N/A,N/A,N/A,N/A,N/A,N/A,N/A,N/A
6/12/2020,0.039,490,12568,0.039,N/A,N/A,N/A,N/A,N/A,N/A,N/A,N/A
6/11/2020,0.045,535,11870,0.039,N/A,N/A,N/A,N/A,N/A,N/A,N/A,N/A
6/10/2020,0.039,504,13033,0.039,N/A,N/A,N/A,N/A,N/A,N/A,N/A,N/A
6/9/2020,0.038,507,13184,0.041,N/A,N/A,N/A,N/A,N/A,N/A,N/A,N/A
6/8/2020,0.03,300,9978,0.042,N/A,N/A,N/A,N/A,N/A,N/A,N/A,N/A
6/7/2020,0.035,292,8438,0.044,N/A,N/A,N/A,N/A,N/A,N/A,N/A,N/A
6/6/2020,0.044,483,11090,0.045,N/A,N/A,N/A,N/A,N/A,N/A,N/A,N/A
6/5/2020,0.039,431,11097,0.045,N/A,N/A,N/A,N/A,N/A,N/A,N/A,N/A
6/4/2020,0.046,614,13240,0.048,N/A,N/A,N/A,N/A,N/A,N/A,N/A,N/A
6/3/2020,0.05,623,12406,0.049,N/A,N/A,N/A,N/A,N/A,N/A,N/A,N/A
6/2/2020,0.046,584,12788,0.05,N/A,N/A,N/A,N/A,N/A,N/A,N/A,N/A
6/1/2020,0.042,436,10391,0.051,N/A,N/A,N/A,N/A,N/A,N/A,N/A,N/A
5/31/2020,0.047,417,8830,0.054,N/A,N/A,N/A,N/A,N/A,N/A,N/A,N/A
5/30/2020,0.044,491,11130,0.056,N/A,N/A,N/A,N/A,N/A,N/A,N/A,N/A
5/29/2020,0.057,694,12259,0.059,N/A,N/A,N/A,N/A,N/A,N/A,N/A,N/A
5/28/2020,0.057,666,11784,0.061,N/A,N/A,N/A,N/A,N/A,N/A,N/A,N/A
5/27/2020,0.055,668,12092,0.063,N/A,N/A,N/A,N/A,N/A,N/A,N/A,N/A
5/26/2020,0.056,489,8782,0.066,N/A,N/A,N/A,N/A,N/A,N/A,N/A,N/A
5/25/2020,0.064,488,7620,0.067,N/A,N/A,N/A,N/A,N/A,N/A,N/A,N/A
5/24/2020,0.06,512,8497,0.066,N/A,N/A,N/A,N/A,N/A,N/A,N/A,N/A
5/23/2020,0.069,620,8981,0.065,N/A,N/A,N/A,N/A,N/A,N/A,N/A,N/A
5/22/2020,0.065,750,11535,0.064,N/A,N/A,N/A,N/A,N/A,N/A,N/A,N/A
5/21/2020,0.07,697,9983,0.064,N/A,N/A,N/A,N/A,N/A,N/A,N/A,N/A
5/20/2020,0.076,877,11465,0.063,N/A,N/A,N/A,N/A,N/A,N/A,N/A,N/A
5/19/2020,0.061,704,11572,0.06,N/A,N/A,N/A,N/A,N/A,N/A,N/A,N/A
5/18/2020,0.055,516,9305,0.059,N/A,N/A,N/A,N/A,N/A,N/A,N/A,N/A
5/17/2020,0.058,439,7523,0.06,N/A,N/A,N/A,N/A,N/A,N/A,N/A,N/A
5/16/2020,0.057,566,9922,0.061,N/A,N/A,N/A,N/A,N/A,N/A,N/A,N/A
5/15/2020,0.063,699,11056,0.062,N/A,N/A,N/A,N/A,N/A,N/A,N/A,N/A
5/14/2020,0.065,685,10567,0.063,N/A,N/A,N/A,N/A,N/A,N/A,N/A,N/A
5/13/2020,0.057,685,12083,0.067,N/A,N/A,N/A,N/A,N/A,N/A,N/A,N/A
5/12/2020,0.056,560,10046,0.07,N/A,N/A,N/A,N/A,N/A,N/A,N/A,N/A
5/11/2020,0.066,516,7783,0.074,N/A,N/A,N/A,N/A,N/A,N/A,N/A,N/A
5/10/2020,0.063,425,6775,0.074,N/A,N/A,N/A,N/A,N/A,N/A,N/A,N/A
5/9/2020,0.069,601,8744,0.078,N/A,N/A,N/A,N/A,N/A,N/A,N/A,N/A
5/8/2020,0.07,648,9202,0.082,N/A,N/A,N/A,N/A,N/A,N/A,N/A,N/A
5/7/2020,0.088,867,9858,0.084,N/A,N/A,N/A,N/A,N/A,N/A,N/A,N/A
5/6/2020,0.075,662,8856,0.088,N/A,N/A,N/A,N/A,N/A,N/A,N/A,N/A
5/5/2020,0.079,691,8707,0.094,N/A,N/A,N/A,N/A,N/A,N/A,N/A,N/A
5/4/2020,0.072,489,6820,0.099,N/A,N/A,N/A,N/A,N/A,N/A,N/A,N/A
5/3/2020,0.095,539,5697,0.104,N/A,N/A,N/A,N/A,N/A,N/A,N/A,N/A
5/2/2020,0.098,680,6941,0.106,N/A,N/A,N/A,N/A,N/A,N/A,N/A,N/A
5/1/2020,0.087,564,6520,0.109,N/A,N/A,N/A,N/A,N/A,N/A,N/A,N/A
4/30/2020,0.113,831,7350,0.112,N/A,N/A,N/A,N/A,N/A,N/A,N/A,N/A
4/29/2020,0.12,720,6003,0.109,N/A,N/A,N/A,N/A,N/A,N/A,N/A,N/A
4/28/2020,0.111,596,5391,0.11,N/A,N/A,N/A,N/A,N/A,N/A,N/A,N/A
4/27/2020,0.106,541,5097,0.112,N/A,N/A,N/A,N/A,N/A,N/A,N/A,N/A
4/26/2020,0.115,405,3519,0.124,N/A,N/A,N/A,N/A,N/A,N/A,N/A,N/A
4/25/2020,0.117,493,4197,0.153,N/A,N/A,N/A,N/A,N/A,N/A,N/A,N/A
4/24/2020,0.1,517,5189,0.183,N/A,N/A,N/A,N/A,N/A,N/A,N/A,N/A
4/23/2020,0.099,547,5503,0.205,N/A,N/A,N/A,N/A,N/A,N/A,N/A,N/A
4/22/2020,0.129,633,4924,0.222,N/A,N/A,N/A,N/A,N/A,N/A,N/A,N/A
4/21/2020,0.127,502,3966,0.231,N/A,N/A,N/A,N/A,N/A,N/A,N/A,N/A
4/20/2020,0.199,734,3694,0.236,N/A,N/A,N/A,N/A,N/A,N/A,N/A,N/A
4/19/2020,0.36,1356,3765,0.231,N/A,N/A,N/A,N/A,N/A,N/A,N/A,N/A
4/18/2020,0.335,1474,4397,0.205,N/A,N/A,N/A,N/A,N/A,N/A,N/A,N/A
4/17/2020,0.237,1046,4418,0.175,N/A,N/A,N/A,N/A,N/A,N/A,N/A,N/A
4/16/2020,0.18,699,3877,0.158,N/A,N/A,N/A,N/A,N/A,N/A,N/A,N/A
4/15/2020,0.169,678,4007,0.151,N/A,N/A,N/A,N/A,N/A,N/A,N/A,N/A
4/14/2020,0.155,560,3613,0.143,N/A,N/A,N/A,N/A,N/A,N/A,N/A,N/A
4/13/2020,0.125,314,2502,0.14,N/A,N/A,N/A,N/A,N/A,N/A,N/A,N/A
4/12/2020,0.166,374,2252,0.142,N/A,N/A,N/A,N/A,N/A,N/A,N/A,N/A
4/11/2020,0.154,411,2673,0.138,N/A,N/A,N/A,N/A,N/A,N/A,N/A,N/A
4/10/2020,0.142,432,3049,0.136,N/A,N/A,N/A,N/A,N/A,N/A,N/A,N/A
4/9/2020,0.136,424,3111,0.135,N/A,N/A,N/A,N/A,N/A,N/A,N/A,N/A
4/8/2020,0.126,392,3120,0.134,N/A,N/A,N/A,N/A,N/A,N/A,N/A,N/A
4/7/2020,0.135,433,3215,0.141,N/A,N/A,N/A,N/A,N/A,N/A,N/A,N/A
4/6/2020,0.146,370,2535,0.141,N/A,N/A,N/A,N/A,N/A,N/A,N/A,N/A
4/5/2020,0.134,430,3216,0.138,N/A,N/A,N/A,N/A,N/A,N/A,N/A,N/A
4/4/2020,0.137,410,2994,0.137,N/A,N/A,N/A,N/A,N/A,N/A,N/A,N/A
4/3/2020,0.132,487,3696,0.134,N/A,N/A,N/A,N/A,N/A,N/A,N/A,N/A
4/2/2020,0.133,552,4153,0.13,N/A,N/A,N/A,N/A,N/A,N/A,N/A,N/A
4/1/2020,0.176,518,2945,0.122,N/A,N/A,N/A,N/A,N/A,N/A,N/A,N/A
3/31/2020,0.14,381,2713,0.108,N/A,N/A,N/A,N/A,N/A,N/A,N/A,N/A
3/30/2020,0.117,298,2543,0.101,N/A,N/A,N/A,N/A,N/A,N/A,N/A,N/A
3/29/2020,0.124,273,2208,0.096,N/A,N/A,N/A,N/A,N/A,N/A,N/A,N/A
3/28/2020,0.105,220,2101,0.089,N/A,N/A,N/A,N/A,N/A,N/A,N/A,N/A
3/27/2020,0.105,334,3186,0.083,N/A,N/A,N/A,N/A,N/A,N/A,N/A,N/A
3/26/2020,0.087,264,3027,0.073,N/A,N/A,N/A,N/A,N/A,N/A,N/A,N/A
3/25/2020,0.073,145,1989,0.063,N/A,N/A,N/A,N/A,N/A,N/A,N/A,N/A
3/24/2020,0.085,93,1092,0.057,N/A,N/A,N/A,N/A,N/A,N/A,N/A,N/A
3/23/2020,0.072,52,721,0.05,N/A,N/A,N/A,N/A,N/A,N/A,N/A,N/A
3/22/2020,0.075,130,1741,0.047,N/A,N/A,N/A,N/A,N/A,N/A,N/A,N/A
3/21/2020,0.054,68,1259,0.04,N/A,N/A,N/A,N/A,N/A,N/A,N/A,N/A
3/20/2020,0.044,56,1278,0.039,N/A,N/A,N/A,N/A,N/A,N/A,N/A,N/A
3/19/2020,0.038,47,1228,0.038,N/A,N/A,N/A,N/A,N/A,N/A,N/A,N/A
3/18/2020,0.041,69,1672,0.038,N/A,N/A,N/A,N/A,N/A,N/A,N/A,N/A
3/17/2020,0.038,74,1940,0.037,N/A,N/A,N/A,N/A,N/A,N/A,N/A,N/A
3/16/2020,0.038,69,1806,0.038,N/A,N/A,N/A,N/A,N/A,N/A,N/A,N/A
3/15/2020,0.03,32,1064,0.041,N/A,N/A,N/A,N/A,N/A,N/A,N/A,N/A
3/14/2020,0.043,19,443,0.049,N/A,N/A,N/A,N/A,N/A,N/A,N/A,N/A
3/13/2020,0.029,12,410,0.052,N/A,N/A,N/A,N/A,N/A,N/A,N/A,N/A
3/12/2020,0.069,12,174,0.073,N/A,N/A,N/A,N/A,N/A,N/A,N/A,N/A
3/11/2020,0.031,4,128,0.075,N/A,N/A,N/A,N/A,N/A,N/A,N/A,N/A
3/10/2020,0.123,10,81,0.112,N/A,N/A,N/A,N/A,N/A,N/A,N/A,N/A
3/9/2020,0.14,6,43,0.097,N/A,N/A,N/A,N/A,N/A,N/A,N/A,N/A
3/8/2020,0,0,11,0,N/A,N/A,N/A,N/A,N/A,N/A,N/A,N/A
3/7/2020,0,0,2,0,N/A,N/A,N/A,N/A,N/A,N/A,N/A,N/A
3/6/2020,0,0,1,0,N/A,N/A,N/A,N/A,N/A,N/A,N/A,N/A
3/5/2020,0,0,2,0,N/A,N/A,N/A,N/A,N/A,N/A,N/A,N/A
3/4/2020,0,0,3,0,N/A,N/A,N/A,N/A,N/A,N/A,N/A,N/A
